username;date;retweets;favorites;text;geo;mentions;hashtags;id;permalinkkhloekardashian;2018-04-03 13:06;76;1932;See which I prefer more!! https:// khloe.app.link/HWAIn7VJOL?~ch annel=twitter …;;;;981261570775900160;https://twitter.com/khloekardashian/status/981261570775900160
khloekardashian;2018-04-03 11:41;74;1741;All the pics of my home gym in LA!! I can’t wait to get into BEAST MODE you guys!!! https:// khloe.app.link/UaqatAHJOL?~ch annel=twitter …;;;;981240218664800257;https://twitter.com/khloekardashian/status/981240218664800257
khloekardashian;2018-04-02 20:03;24;931;Of course team Axe!! Tristan and I fucking hate Rhodes!! We just started season 2;;;;981004143883059205;https://twitter.com/khloekardashian/status/981004143883059205
khloekardashian;2018-04-02 12:49;476;13600;Billions is a fucking incredible show!!!! Addicting for sure! Tristan and I have been binge watching and it just gets better and better!!!! Thank you Showtime;;;;980895106055180288;https://twitter.com/khloekardashian/status/980895106055180288
khloekardashian;2018-04-02 12:23;75;1755;I love this natural glam! I’m sharing each product I used so you can achieve this everyday look too! https:// khloe.app.link/5JzbEHxnNL?~ch annel=twitter …;;;;980888430463864833;https://twitter.com/khloekardashian/status/980888430463864833
khloekardashian;2018-04-02 11:15;92;2442;Booty, tech skills, spending habits and more!! https:// khloe.app.link/uDy1pGgiNL?~ch annel=twitter …;;;;980871263525720064;https://twitter.com/khloekardashian/status/980871263525720064
khloekardashian;2018-03-30 20:06;20;1169;He’s so smart!!!!;;;;979917946582597632;https://twitter.com/khloekardashian/status/979917946582597632
khloekardashian;2018-03-30 20:06;3;109;lol not yet;;;;979917819805564928;https://twitter.com/khloekardashian/status/979917819805564928
khloekardashian;2018-03-30 20:05;45;4842;Sammmmmeeeee;;;;979917698565013504;https://twitter.com/khloekardashian/status/979917698565013504
khloekardashian;2018-03-30 20:05;2;146;When I find it- I’ll spread the word love;;;;979917487029542917;https://twitter.com/khloekardashian/status/979917487029542917
khloekardashian;2018-03-30 19:48;1371;37935;Random thoughts but I can NOT WAIT to fuck up the gym when it’s time lol BEAST MODE is dying to return!! I know it won’t be easy but I’m excited for the challenge;;;;979913252279914501;https://twitter.com/khloekardashian/status/979913252279914501
khloekardashian;2018-03-29 14:30;99;2629;This should be against the law! https:// khloe.app.link/OxgLbdTSGL?~ch annel=twitter …;;;;979470849693581313;https://twitter.com/khloekardashian/status/979470849693581313
khloekardashian;2018-03-29 10:25;231;2596;Got all types of namaste doing GOAT YOGA with @KevinHart4Real ! Check us out on @WhatTheFit , streaming NOW on @LOLNetwork ’s @YouTube channel. #WhatTheFit pic.twitter.com/vCkQlHazAD;;@KevinHart4Real @WhatTheFit @LOLNetwork @YouTube;#WhatTheFit;979409336349859841;https://twitter.com/khloekardashian/status/979409336349859841
khloekardashian;2018-03-28 16:07;99;2336;You guys won’t even notice these hacks, that’s how delish they are! https:// khloe.app.link/ewJ6au5kFL?~ch annel=twitter …;;;;979132825810161665;https://twitter.com/khloekardashian/status/979132825810161665
khloekardashian;2018-03-28 12:03;284;8445;I can’t believe she’s almost here!!! https:// khloe.app.link/eLoVzOo3EL?~ch annel=twitter …;;;;979071585016479747;https://twitter.com/khloekardashian/status/979071585016479747
khloekardashian;2018-03-27 15:08;219;7506;Your responses are so sweet guys;;;;978755620848496642;https://twitter.com/khloekardashian/status/978755620848496642
khloekardashian;2018-03-27 14:59;1133;48854;I have dreamt about Gabanna four nights in a row. I wonder what she is trying to tell me;;;;978753386932776963;https://twitter.com/khloekardashian/status/978753386932776963
khloekardashian;2018-03-27 13:05;137;3141;See the vibe I was going for and the products we used to get it! https:// khloe.app.link/DaehjGTrDL?~ch annel=twitter …;;;;978724702553280513;https://twitter.com/khloekardashian/status/978724702553280513
khloekardashian;2018-03-27 11:32;97;2182;See the lotions and oils I’m using to help prevent stretch marks during my pregnancy! https:// khloe.app.link/9E2PN5vmDL?~ch annel=twitter …;;;;978701275809439744;https://twitter.com/khloekardashian/status/978701275809439744
khloekardashian;2018-03-27 10:39;96;1632;I’m obsessed with Tabata you guys!! I cannot wait to get back into beast mode in the gym with @Coachjoeparis !! https:// khloe.app.link/dWm6lIDiDL?~ch annel=twitter …;;@Coachjoeparis;;978688065781862406;https://twitter.com/khloekardashian/status/978688065781862406
khloekardashian;2018-03-30 20:05;4;193;Very cool!!!!;;;;979917626154602497;https://twitter.com/khloekardashian/status/979917626154602497
khloekardashian;2018-03-29 10:48;101;3141;https:// khloe.app.link/EGCWJu6CGL?~ch annel=twitter …;;;;979414911599235072;https://twitter.com/khloekardashian/status/979414911599235072
khloekardashian;2018-03-26 18:14;1;31;I pray lol;;;;978440069873795074;https://twitter.com/khloekardashian/status/978440069873795074
khloekardashian;2018-03-26 18:14;6;355;Awww that’s awesome! Thank you;;;;978440022050463744;https://twitter.com/khloekardashian/status/978440022050463744
khloekardashian;2018-03-26 18:13;47;1254;I love and miss you;;;;978439905767575556;https://twitter.com/khloekardashian/status/978439905767575556
khloekardashian;2018-03-26 18:13;2;17;God bless you;;;;978439824515485696;https://twitter.com/khloekardashian/status/978439824515485696
khloekardashian;2018-03-26 18:13;0;35;I literally lube my body 3-4 times a day. It’s a commitment but it’s worth it to me. Wishing your sister all the luck;;;;978439789505601537;https://twitter.com/khloekardashian/status/978439789505601537
khloekardashian;2018-03-26 10:10;0;28;Oh my gosh! What an amazing compliment! Thank you!!;;;;978318350924308480;https://twitter.com/khloekardashian/status/978318350924308480
khloekardashian;2018-03-26 10:10;0;28;Ugh bless you for sharing!!!! Xxxx;;;;978318247119523840;https://twitter.com/khloekardashian/status/978318247119523840
khloekardashian;2018-03-26 10:10;0;22;Lol I love you;;;;978318180425830400;https://twitter.com/khloekardashian/status/978318180425830400
khloekardashian;2018-03-26 10:09;1;26;Oh my gosh you’re making me feel better;;;;978318135471329280;https://twitter.com/khloekardashian/status/978318135471329280
khloekardashian;2018-03-26 10:08;149;3654;I pick if I want our baby girl to inherit dance moves, worth ethic & more from either Tristan or ME!! All in good fun https:// khloe.app.link/0vGOqiayBL?~ch annel=twitter …;;;;978317829048033280;https://twitter.com/khloekardashian/status/978317829048033280
khloekardashian;2018-03-26 07:10;4;407;Morning!!;;;;978273009457876992;https://twitter.com/khloekardashian/status/978273009457876992
khloekardashian;2018-03-26 07:10;16;695;I mean I’m sure at some point we will but I’m definitely not rushing that.;;;;978272975869874176;https://twitter.com/khloekardashian/status/978272975869874176
khloekardashian;2018-03-26 07:09;18;1639;Lol I feel so bad for that but apparently it’s common;;;;978272778079129601;https://twitter.com/khloekardashian/status/978272778079129601
khloekardashian;2018-03-26 07:09;2;26;I know trust me it feels longer for me LOL but I am nine months tomorrow so very soon;;;;978272634143236096;https://twitter.com/khloekardashian/status/978272634143236096
