HillaryClinton;tomorrow , we have the chance to stand up for the america we believe in . rt this if you're voting . <url> <pic>
realDonaldTrump;thank you for you support virginia ! in one day - get out and #votetrumppence16 ! #icymi : <url> <url>
HillaryClinton;yesterday , khizr khan told the story of a <num> - year-old boy who was bullied at school — until his class watched mr . khan's <pic>
realDonaldTrump;thank you pennsylvania - i am forever grateful for your amazing support . lets make america great again ! #maga … <url>
HillaryClinton;women can stop trump . here's how : <url> <pic>
realDonaldTrump;thank you michigan ! this is a movement that will never be seen again - it's our last chance to #draintheswamp ! watch … <url>
HillaryClinton;if your closest advisors don ’ t trust you to tweet , how can we trust you with the nuclear codes ? ” — @potus on trump "
realDonaldTrump;our american comeback story begins <num> / <num> . together , we will make america safe & amp
HillaryClinton;i want to be a president for all americans : democrats , republicans , independents . not just people who support me , but everyone . ” — hillary "
realDonaldTrump;thank you minnesota ! it is time to #draintheswamp & amp
HillaryClinton;public colleges and universities should be tuition-free for anyone who makes less than $ <num> a year . ” — <pic> "
realDonaldTrump;monday - <num> / <num> , pennsylvania at <num> pm.https :/ / t.co/bcerctspdfgrand rapids , michigan at <num> . … <url>
HillaryClinton;if you work hard , and you work full-time , you shouldn ’ t still be in poverty at the end of the year . ” — hillary "
realDonaldTrump;thank you iowa - get out & amp
HillaryClinton;every single one of us has something to contribute to this great country . ” — <pic> "
realDonaldTrump;van jones : ‘ there is a crack in the blue wall ’ — it has to do with trade : <url>
HillaryClinton;i really believe that america ’ s best days are still ahead of us if we reach for them together ! ” — hillary <url> <pic> "
realDonaldTrump;great night in denver , colorado - thank you ! together , we will make america great again ! #icymi watch rally here : … <url>
HillaryClinton;are you ready to vote tomorrow , michigan ? are you ready to help get your friends to vote ? ” — hillary <url> <pic> "
realDonaldTrump;thank you reno , nevada . nothing will stop us in our quest to make america safe and great again ! #americafirst … <url>
HillaryClinton;“ the choice in this election could not be clearer ... this election is basically between division and unity in our country . ” — <pic>
realDonaldTrump;join me live in reno , nevada ! <url> <url>
HillaryClinton;join hillary in grand rapids , michigan , for one of her last rallies of the campaign : <url>
realDonaldTrump;join me tomorrow ! minnesota • <num> :/ / t.co/wcglh4prs7michigan • <num> :/ / t.co/9bqgvknnrtvirginia • <num> p … <url>
HillaryClinton;look how far we've come from having no voice to being on the brink of making history . " — @beyonce <url> <pic> "
realDonaldTrump;#draintheswamp ! <url>
HillaryClinton;latino voters will have a powerful impact on this election — and are already showing record turnout . be part of this : <url> <pic>
realDonaldTrump;top clinton aides bemoan campaign ‘ all tactics , ’ no vision : <url>
HillaryClinton;america depends on you — you , all of you . ... i didn ’ t say , ' yes , i can . ' i said , ' yes , we can . ' " — @<pic> "
realDonaldTrump;‘ must act immediately ’ : clinton charity lawyer told execs they were breaking the lawhttps :/ / t.co/hsi4qhqtv1
HillaryClinton;i voted for hillary clinton because i am absolutely confident that when she is president , this country will be in good hands . ” — @<pic> "
realDonaldTrump;watch coach mike ditka - a great guy and supporter tonight at <num> me on #wattersworld with @jessebwatters @foxnews .
HillaryClinton;vote for an america where we build bridges , not walls . together , let ’ s prove that love trumps hate . <url> <pic>
realDonaldTrump;thank you wilmington , north carolina . we are <num> days away from the change you've been waiting for your entire life ! … <url>
HillaryClinton;tomorrow is the election , but that is just the beginning . " — hillary <url> <pic> "
realDonaldTrump;thank you for the incredible support this morning tampa , florida ! #icymi - watch here : <url> <url>
HillaryClinton;this has to be our mission together — doing everything we can to help all our kids , and every american , live up to their god-given potential .
realDonaldTrump;join me in denver , colorado tonight at <num> pm : <url> scranton , pennsylvania monday @<num> pm : <url>
HillaryClinton;if you believe all our kids should have good schools and good teachers , no matter what zip code they live in , then you have to <pic>
realDonaldTrump;make america great again !
HillaryClinton;if you believe that america thrives when the middle class thrives , then you have to vote . <url> <pic>
realDonaldTrump;thank you hershey , pennsylvania . get out & amp
HillaryClinton;“ i believe america ’ s best days are still ahead of us . ” — <pic>
realDonaldTrump;join me in denver , colorado tomorrow at <num> pm ! tickets : <url>
HillaryClinton;we don ’ t have to accept a dark and divisive vision for america . tomorrow , you can vote for a hopeful , inclusive , big-hearted america . " <pic> "
realDonaldTrump;join me live in hershey , pennsylvania ! #makeamericagreatagain live : <url> <url>
HillaryClinton;tomorrow ’ s the day ! join hillary as she campaigns in pittsburgh on the eve of election day . <url>
realDonaldTrump;the only thing that can stop this corrupt machine is you . the only force strong enough to save our country is us . … <url>
